{
  "evaluation_code": "17930",
  "uxt_cod" : "17930-ABDSC",
  "uxt_sessionId" : "12",
  "performed_tasks": [
    {
      "id": 6,
      "title": "Task 1",
      "description": "Translate the page into Portuguese.",
      "initial_timestamp": "2025-04-07T18:45:39.352Z",
      "final_timestamp": "2025-04-07T18:45:48.384Z",
      "developer_comment": "Was not able to translate the page.",
      "status": "couldntsolve"
    }
  ],
  "profile_questionnaire": {
    "academic_level": "graduacao",
    "segment": "industria",
    "previus_experience": "raramente",
    "years_of_experience": "1"
  },
  "final_questionnaire": {
    "comments": "",
    "emotion": "3"
  },
  "navigation": [
    {
      "action": "pageNavigation",
      "title": "Portal do Aluno – BSI – UNIRIO",
      "url": "https://bsi.uniriotec.br/portal-do-aluno/",
      "timestamp": "2025-04-07T18:45:46.649Z",
      "taskId": 6
    },
    {
      "action": "pageNavigation",
      "title": "Professores – BSI – UNIRIO",
      "url": "https://bsi.uniriotec.br/professores/",
      "timestamp": "2025-04-07T18:45:54.207Z",
      "taskId": 7
    }
  ],
  "process_review" : [
    {
      "process_review_question_id": 2,
      "answer_value": "Yes"
    }
  ],
  "startTime": "2025-04-07T18:45:38.512Z",
  "endTime": "2025-04-07T18:46:16.464Z"
}
