[
  {
    "process_id": 9,
    "process_title": "Processo teste para mudança de processo da avaliação",
    "process_tasks": [
      {
        "task_id": 12,
        "task_title": "[TESTE] Access the project documentation",
        "task_description": "[TESTE] Navigate the portal and check if the project documentation is accessible, including installation guides, usage, and examples."
      },
      {
        "task_id": 13,
        "task_title": "[TESTE] Find the 'Getting Started' section",
        "task_description": "[TESTE] Locate the \"Getting Started\" section in the documentation to help new developers set up their environment."
      }
    ],
    "process_review": [
      {
        "process_review_question_text": "1 Pergunta sobre o primero procedimento teste",
        "process_review_question_id": 2
      },
      {
        "process_review_question_text": "2 pergunta sobre o primeiro processo teste",
        "process_review_question_id": 3
      }
    ]
  },
  {
    "process_id": 10,
    "process_title": "[TESTE 2] Segundo Processo teste para mudança de processo da avaliação",
    "process_tasks": [
      {
        "task_id": 14,
        "task_title": "[TESTE] Find the Official Communication Channels",
        "task_description": "teste para mudança de processo da avaliação"
      }
    ],
    "process_review": [
      {
        "process_review_question_text": "1 pergunta sobre o SEGUNDO processo teste",
        "process_review_question_id": 4
      }
    ]
  }
]
